id,observed_on,user_login,quality_grade,url,image_url,place_guess,latitude,longitude,place_state_name,place_country_name,species_guess,scientific_name,common_name,iconic_taxon_name,taxon_id
28718387,2019-07-13,akilan,research,https://www.inaturalist.org/observations/28718387,https://static.inaturalist.org/photos/44786535/medium.jpg,"1st Cross Road, Bengaluru, Karnataka, IN",12.9727916667,77.6913133333,Karnataka,India,common lantana,Lantana camara,common lantana,Plantae,50333
29031079,2019-07-18,rohitnaniwadekar,research,https://www.inaturalist.org/observations/29031079,https://inaturalist-open-data.s3.amazonaws.com/photos/45289433/medium.jpeg,"Mysuru, Karnataka 570020, India",12.3523292542,76.6297302246,Karnataka,India,common lantana,Lantana camara,common lantana,Plantae,50333
29501487,2019-07-25,kulbhushansingh,research,https://www.inaturalist.org/observations/29501487,https://inaturalist-open-data.s3.amazonaws.com/photos/46142219/medium.jpeg,"Canara Bank Layout, Rajiv Gandhi Nagar, Kodigehalli, Bengaluru, Karnataka, India",13.0678396225,77.5787506104,Karnataka,India,common lantana,Lantana camara,common lantana,Plantae,50333
30019525,2019-07-30,kishoore,research,https://www.inaturalist.org/observations/30019525,https://inaturalist-open-data.s3.amazonaws.com/photos/46879246/medium.jpg,"Eshwar Nagar, Manipal, Karnataka, India",13.3447829722,74.7968929722,Karnataka,India,common lantana,Lantana camara,common lantana,Plantae,50333
31190824,2019-08-19,harshithjv,research,https://www.inaturalist.org/observations/31190824,https://inaturalist-open-data.s3.amazonaws.com/photos/48792215/medium.jpeg,"Sammilan Shetty Butterfly Park, Belvai, Karnataka 574213, India",13.122776,74.993319,Karnataka,India,common lantana,Lantana camara,common lantana,Plantae,50333
32936346,2019-09-18,chrivebl,research,https://www.inaturalist.org/observations/32936346,https://inaturalist-open-data.s3.amazonaws.com/photos/51694888/medium.jpeg,Bengaluru,13.0852642609,77.483593002,Karnataka,India,common lantana,Lantana camara,common lantana,Plantae,50333
33831678,2019-10-04,perronwelch,research,https://www.inaturalist.org/observations/33831678,https://inaturalist-open-data.s3.amazonaws.com/photos/53179888/medium.jpeg,"Nallur, Hospital Nallur, Karnataka 562129, India",13.1992641,77.76550309,Karnataka,India,common lantana,Lantana camara,common lantana,Plantae,50333
34360620,2019-10-14,kaushikchatterjee,research,https://www.inaturalist.org/observations/34360620,https://static.inaturalist.org/photos/54068544/medium.jpeg,"Bellandur, Bengaluru, Karnataka, India",12.9222104,77.6704588,Karnataka,India,common lantana,Lantana camara,common lantana,Plantae,50333
34441000,2019-10-16,kasiviswanath,research,https://www.inaturalist.org/observations/34441000,https://static.inaturalist.org/photos/54205976/medium.jpeg,"Achappa Layout, Silver Oak Layout, JP Nagar 7th Phase, J. P. Nagar, Bengaluru, Karnataka 560078, India",12.89361875,77.59016025,Karnataka,India,common lantana,Lantana camara,common lantana,Plantae,50333
35317019,2019-09-22,gurmitsingh,research,https://www.inaturalist.org/observations/35317019,https://static.inaturalist.org/photos/55679244/medium.jpeg,"Gudibanda [R], Karnataka 561209, India",13.6747910666,77.7015120909,Karnataka,India,common lantana,Lantana camara,common lantana,Plantae,50333
35513454,2019-11-10,rajini,research,https://www.inaturalist.org/observations/35513454,https://static.inaturalist.org/photos/56005285/medium.jpeg,"20/A, NCPR Industrial Layout, Seetharampalya, Hoodi, Bengaluru, Karnataka 560048, India",12.9866315,77.7102672,Karnataka,India,common lantana,Lantana camara,common lantana,Plantae,50333
36494055,2019-11-20,rajatrastogi,research,https://www.inaturalist.org/observations/36494055,https://static.inaturalist.org/photos/57694637/medium.jpeg,"Rajiv Gandhi Nagar, Kodigehalli, Bengaluru, Karnataka, India",13.0688280093,77.5758653507,Karnataka,India,common lantana,Lantana camara,common lantana,Plantae,50333
37230036,2019-12-26,suhelq,research,https://www.inaturalist.org/observations/37230036,https://inaturalist-open-data.s3.amazonaws.com/photos/58987839/medium.jpeg,"Chettimani, Kodagu, Karnataka 571201, India",12.3765336297,75.5540544167,Karnataka,India,common lantana,Lantana camara,common lantana,Plantae,50333
37230156,2020-01-01,suhelq,research,https://www.inaturalist.org/observations/37230156,https://inaturalist-open-data.s3.amazonaws.com/photos/58987985/medium.jpeg,"Hesaraghatta Grass Farm, Karnataka 560089, India",13.1456928253,77.4917755127,Karnataka,India,common lantana,Lantana camara,common lantana,Plantae,50333
37575254,2020-01-14,liquidmetal,research,https://www.inaturalist.org/observations/37575254,https://inaturalist-open-data.s3.amazonaws.com/photos/59596351/medium.jpg,"Karwar, Uttara Kannada, Karnataka, IN",14.847784981,74.112198837,Karnataka,India,kirjotulikruunu,Lantana camara,common lantana,Plantae,50333
37705644,2020-01-18,liquidmetal,research,https://www.inaturalist.org/observations/37705644,https://inaturalist-open-data.s3.amazonaws.com/photos/59829239/medium.jpg,"Chikmagalur, IN-KA, IN",13.1944528824,75.3341542607,Karnataka,India,common lantana,Lantana camara,common lantana,Plantae,50333
38459394,2020-02-09,sanjayshah,research,https://www.inaturalist.org/observations/38459394,https://static.inaturalist.org/photos/61125847/medium.jpg,"Kadubeesanahalli, Bengaluru, Karnataka, IN",12.9418719351,77.6879594066,Karnataka,India,common lantana,Lantana camara,common lantana,Plantae,50333
38873219,2020-02-20,sringnp,research,https://www.inaturalist.org/observations/38873219,https://static.inaturalist.org/photos/61817607/medium.jpg,"Whitefield, Bengaluru, Karnataka, IN",12.9819179199,77.7399319506,Karnataka,India,common lantana,Lantana camara,common lantana,Plantae,50333
42837653,2020-04-22,bhuvanvb,research,https://www.inaturalist.org/observations/42837653,https://inaturalist-open-data.s3.amazonaws.com/photos/68030037/medium.jpeg,Bengaluru,13.1218781741,77.60783921,Karnataka,India,common lantana,Lantana camara,common lantana,Plantae,50333
46627587,2020-05-20,drsarikakhurana,research,https://www.inaturalist.org/observations/46627587,https://static.inaturalist.org/photos/73954213/medium.jpg,"Haralur, Bengaluru, Karnataka, IN",12.9024377406,77.6634588307,Karnataka,India,common lantana,Lantana camara,common lantana,Plantae,50333
46826549,2020-05-22,frenitashaila,research,https://www.inaturalist.org/observations/46826549,https://static.inaturalist.org/photos/74265065/medium.jpeg,"Karnataka 574141, India",13.0960766667,74.8529733333,Karnataka,India,common lantana,Lantana camara,common lantana,Plantae,50333
47617112,2020-05-28,dheeraj_c_l,research,https://www.inaturalist.org/observations/47617112,https://inaturalist-open-data.s3.amazonaws.com/photos/75527868/medium.jpeg,"Uttara Kannada, IN-KA, IN",14.2825965833,74.4441146667,Karnataka,India,common lantana,Lantana camara,common lantana,Plantae,50333
50363458,2020-06-21,rudraksh2005,research,https://www.inaturalist.org/observations/50363458,https://static.inaturalist.org/photos/79972676/medium.jpeg,"Bangalore, IN-KA, IN",12.8218415,77.6516437,Karnataka,India,common lantana,Lantana camara,common lantana,Plantae,50333
52004317,2020-07-05,rameshdesai,research,https://www.inaturalist.org/observations/52004317,https://static.inaturalist.org/photos/82651197/medium.jpeg,"Bhutnal Lake, Bijapur, Karnataka, India",16.8865018516,75.7099055128,Karnataka,India,common lantana,Lantana camara,common lantana,Plantae,50333
52378957,2020-07-08,rameshdesai,research,https://www.inaturalist.org/observations/52378957,https://static.inaturalist.org/photos/83260645/medium.jpg," Hanchinal Lake Bijapur County, Karnataka, IN",16.8660398262,75.7365918576,Karnataka,India,common lantana,Lantana camara,common lantana,Plantae,50333
52444683,2020-02-24,mjmelvin,research,https://www.inaturalist.org/observations/52444683,https://inaturalist-open-data.s3.amazonaws.com/photos/83371571/medium.jpeg,"Chiklihole Reservoir, Attur Forest, Karnataka 571234",12.3972748,75.8740918,Karnataka,India,Wandelröschen,Lantana camara,common lantana,Plantae,50333
52638110,2020-07-11,aswathynarayanan,research,https://www.inaturalist.org/observations/52638110,https://static.inaturalist.org/photos/83689406/medium.jpeg,Bengaluru,13.0653199,77.6149464,Karnataka,India,common lantana,Lantana camara,common lantana,Plantae,50333
52668258,2020-07-11,rameshdesai,research,https://www.inaturalist.org/observations/52668258,https://static.inaturalist.org/photos/83740655/medium.jpeg,Honnutagi Lake,16.845844464,75.8818249241,Karnataka,India,common lantana,Lantana camara,common lantana,Plantae,50333
53060909,2020-07-14,vikasdprasad,research,https://www.inaturalist.org/observations/53060909,https://inaturalist-open-data.s3.amazonaws.com/photos/84377165/medium.jpg,"7 Block, Banagirinagara, Banashankari 3rd Stage, Banashankari, Bengaluru, Karnataka, India",12.922888,77.5583548,Karnataka,India,common lantana,Lantana camara,common lantana,Plantae,50333
53323040,2020-07-17,rameshdesai,research,https://www.inaturalist.org/observations/53323040,https://static.inaturalist.org/photos/84802915/medium.jpg,"Bijapur, Bijapur, KA, IN",16.8754574005,75.6960513164,Karnataka,India,common lantana,Lantana camara,common lantana,Plantae,50333
53445417,2020-07-18,sarathchandars,research,https://www.inaturalist.org/observations/53445417,https://inaturalist-open-data.s3.amazonaws.com/photos/85005961/medium.jpeg,Shivamogga,13.9653908892,75.5468375166,Karnataka,India,common lantana,Lantana camara,common lantana,Plantae,50333
53482964,2020-07-18,rameshdesai,research,https://www.inaturalist.org/observations/53482964,https://static.inaturalist.org/photos/85066245/medium.jpeg,"Bhutnal Lake, Bijapur, Karnataka, India",16.8865018516,75.7099055128,Karnataka,India,common lantana,Lantana camara,common lantana,Plantae,50333
53582628,2020-07-19,rameshdesai,research,https://www.inaturalist.org/observations/53582628,https://static.inaturalist.org/photos/85230639/medium.jpeg," Hanchinal Lake Bijapur County, Karnataka, IN",16.8660398262,75.7365918576,Karnataka,India,common lantana,Lantana camara,common lantana,Plantae,50333
53801453,2020-07-21,rameshdesai,research,https://www.inaturalist.org/observations/53801453,https://static.inaturalist.org/photos/85583506/medium.jpg,"Bijapur, Bijapur, KA, IN",16.8837956758,75.7171852794,Karnataka,India,common lantana,Lantana camara,common lantana,Plantae,50333
53857932,2020-06-14,shwetagh,research,https://www.inaturalist.org/observations/53857932,https://inaturalist-open-data.s3.amazonaws.com/photos/85673457/medium.jpeg,Bengaluru Rural,13.29208833,77.70018833,Karnataka,India,common lantana,Lantana camara,common lantana,Plantae,50333
54229961,2020-07-25,rameshdesai,research,https://www.inaturalist.org/observations/54229961,https://static.inaturalist.org/photos/86280685/medium.jpg,"Bijapur, Bijapur, KA, IN",16.8738764897,75.6962736883,Karnataka,India,common lantana,Lantana camara,common lantana,Plantae,50333
54609322,2020-07-28,rameshdesai,research,https://www.inaturalist.org/observations/54609322,https://static.inaturalist.org/photos/86911412/medium.jpg,"Indi, Bijapur, KA, IN",16.9820048008,76.0653044936,Karnataka,India,common lantana,Lantana camara,common lantana,Plantae,50333
54902094,2020-07-31,rameshdesai,research,https://www.inaturalist.org/observations/54902094,https://static.inaturalist.org/photos/87386193/medium.jpg,"Bijapur, Bijapur, KA, IN",16.7935266858,75.7066467126,Karnataka,India,common lantana,Lantana camara,common lantana,Plantae,50333
55138372,2020-07-29,shwetapanchal,research,https://www.inaturalist.org/observations/55138372,https://inaturalist-open-data.s3.amazonaws.com/photos/87779681/medium.jpg,"Jawaharlal Nehru Centre for Advanced Scientific Research, Bengaluru, KA, IN",13.0690212454,77.6126006779,Karnataka,India,common lantana,Lantana camara,common lantana,Plantae,50333
56192788,2020-08-12,rameshdesai,research,https://www.inaturalist.org/observations/56192788,https://static.inaturalist.org/photos/89532029/medium.jpg,"Bijapur, Bijapur, KA, IN",16.8627802464,75.6969425493,Karnataka,India,common lantana,Lantana camara,common lantana,Plantae,50333
56282871,2020-08-13,rameshdesai,research,https://www.inaturalist.org/observations/56282871,https://static.inaturalist.org/photos/89683721/medium.jpg,"Bijapur, Bijapur, KA, IN",16.8994355528,75.7015140542,Karnataka,India,common lantana,Lantana camara,common lantana,Plantae,50333
56738986,2020-08-16,suhelq,research,https://www.inaturalist.org/observations/56738986,https://inaturalist-open-data.s3.amazonaws.com/photos/90440406/medium.jpeg,Chikkarayappanahalli,13.3821927548,77.6481552422,Karnataka,India,common lantana,Lantana camara,common lantana,Plantae,50333
56823667,2020-08-18,rameshdesai,research,https://www.inaturalist.org/observations/56823667,https://static.inaturalist.org/photos/90583261/medium.jpg,"Sindgi, Bijapur, KA, IN",16.9533711719,75.9884550144,Karnataka,India,common lantana,Lantana camara,common lantana,Plantae,50333
56902129,2020-08-19,rameshdesai,research,https://www.inaturalist.org/observations/56902129,https://static.inaturalist.org/photos/90715414/medium.jpg,"Bijapur, IN-KA, IN",16.8926329259,75.6955556945,Karnataka,India,common lantana,Lantana camara,common lantana,Plantae,50333
56926289,2020-08-19,n_p,research,https://www.inaturalist.org/observations/56926289,https://inaturalist-open-data.s3.amazonaws.com/photos/90776895/medium.jpeg,Mysuru,12.2695761549,76.6799309291,Karnataka,India,common lantana,Lantana camara,common lantana,Plantae,50333
57184343,2020-08-22,rameshdesai,research,https://www.inaturalist.org/observations/57184343,https://static.inaturalist.org/photos/91192732/medium.jpg,"Bijapur, IN-KA, IN",16.8693977455,75.6934983563,Karnataka,India,common lantana,Lantana camara,common lantana,Plantae,50333
57992240,2020-08-30,rameshdesai,research,https://www.inaturalist.org/observations/57992240,https://static.inaturalist.org/photos/92549350/medium.jpg,"Bijapur, Bijapur, KA, IN",16.8870669231,75.7045165357,Karnataka,India,common lantana,Lantana camara,common lantana,Plantae,50333
58007533,2020-08-30,aneesh13,research,https://www.inaturalist.org/observations/58007533,https://static.inaturalist.org/photos/92576422/medium.jpeg,"Maruthi Nagar, Yelahanka, Bengaluru, Karnataka 560064, India",13.1095665833,77.6071879722,Karnataka,India,common lantana,Lantana camara,common lantana,Plantae,50333
58224462,2020-08-21,bhanup,research,https://www.inaturalist.org/observations/58224462,https://inaturalist-open-data.s3.amazonaws.com/photos/92938243/medium.jpeg,"Canara Bank Layout, Rajiv Gandhi Nagar, Kodigehalli",13.0704008723,77.5771658868,Karnataka,India,common lantana,Lantana camara,common lantana,Plantae,50333
60155223,2020-09-20,bhanup,research,https://www.inaturalist.org/observations/60155223,https://inaturalist-open-data.s3.amazonaws.com/photos/96166307/medium.jpeg,"31, Dhanalakshmi Layout, Virupakshapura, Bengaluru, Karnataka 560097, India",13.0682378889,77.5733248889,Karnataka,India,common lantana,Lantana camara,common lantana,Plantae,50333
61660711,2020-09-27,suhelq,research,https://www.inaturalist.org/observations/61660711,https://inaturalist-open-data.s3.amazonaws.com/photos/98691154/medium.jpeg,"Mavallipura, Karnataka, India",13.1213716944,77.5277253889,Karnataka,India,common lantana,Lantana camara,common lantana,Plantae,50333
61749569,2020-10-05,rameshdesai,research,https://www.inaturalist.org/observations/61749569,https://static.inaturalist.org/photos/98845892/medium.jpg,"Bijapur, Vijayapura, KA, IN",16.8593720673,75.7409441192,Karnataka,India,common lantana,Lantana camara,common lantana,Plantae,50333
62784929,2020-10-17,kulbhushansingh,research,https://www.inaturalist.org/observations/62784929,https://inaturalist-open-data.s3.amazonaws.com/photos/100656924/medium.jpeg,"Basaveshwara Nagar Yelahanka, Nehru Nagar, Bengaluru, Karnataka 560064, India",13.0906079722,77.6072479722,Karnataka,India,common lantana,Lantana camara,common lantana,Plantae,50333
63155340,2020-10-21,prashsagar,research,https://www.inaturalist.org/observations/63155340,https://inaturalist-open-data.s3.amazonaws.com/photos/101312879/medium.jpeg,Bisuvanahalli,13.2297096252,77.5450668335,Karnataka,India,common lantana,Lantana camara,common lantana,Plantae,50333
63806551,2020-10-30,rameshdesai,research,https://www.inaturalist.org/observations/63806551,https://static.inaturalist.org/photos/102468934/medium.jpg,"Bijapur, Vijayapura, KA, IN",17.0463043917,75.7527242974,Karnataka,India,Cinco negritos,Lantana camara,common lantana,Plantae,50333
63938741,2020-11-01,rameshdesai,research,https://www.inaturalist.org/observations/63938741,https://static.inaturalist.org/photos/102716381/medium.jpg,"Bijapur, Vijayapura, KA, IN",16.906795199,75.5722144806,Karnataka,India,common lantana,Lantana camara,common lantana,Plantae,50333
64914859,2020-11-15,megha_shashikanth,research,https://www.inaturalist.org/observations/64914859,https://static.inaturalist.org/photos/105025983/medium.jpg,"Lingarajapura Near Yelehanka, Bengaluru, KA, IN",13.1332111667,77.5468,Karnataka,India,common lantana,Lantana camara,common lantana,Plantae,50333
65504903,2020-11-24,rameshdesai,research,https://www.inaturalist.org/observations/65504903,https://static.inaturalist.org/photos/105446312/medium.jpg,"Bijapur, Vijayapura, KA, IN",16.859505,75.7408616667,Karnataka,India,common lantana,Lantana camara,common lantana,Plantae,50333
66730911,2019-12-28,a7v,research,https://www.inaturalist.org/observations/66730911,https://inaturalist-open-data.s3.amazonaws.com/photos/107641045/medium.jpeg,"Tumkur, IN-KA, IN",13.4324584113,77.3060365466,Karnataka,India,common lantana,Lantana camara,common lantana,Plantae,50333
67072746,2020-11-10,fasiha,research,https://www.inaturalist.org/observations/67072746,https://inaturalist-open-data.s3.amazonaws.com/photos/108274981/medium.jpeg,"Vignana Kendra, Bengaluru, Karnataka, India",13.0859166667,77.5681194444,Karnataka,India,common lantana,Lantana camara,common lantana,Plantae,50333
67848926,2021-01-10,rameshdesai,research,https://www.inaturalist.org/observations/67848926,https://static.inaturalist.org/photos/109727198/medium.jpg,"Bijapur, Vijayapura, KA, IN",16.6199639579,75.513364384,Karnataka,India,common lantana,Lantana camara,common lantana,Plantae,50333
68315129,2021-01-19,conservation_desi,research,https://www.inaturalist.org/observations/68315129,https://static.inaturalist.org/photos/110588156/medium.jpeg,"Chamrajnagar, IN-KA, IN",11.7464276031,76.6889635194,Karnataka,India,common lantana,Lantana camara,common lantana,Plantae,50333
68316323,2021-01-19,conservation_desi,research,https://www.inaturalist.org/observations/68316323,https://static.inaturalist.org/photos/110588215/medium.jpeg,"Kandegala, Karnataka, India",11.8051064573,76.7404795345,Karnataka,India,common lantana,Lantana camara,common lantana,Plantae,50333
68317429,2021-01-19,conservation_desi,research,https://www.inaturalist.org/observations/68317429,https://static.inaturalist.org/photos/110590136/medium.jpeg,"Kandegala, Karnataka, India",11.7650158564,76.7374737002,Karnataka,India,common lantana,Lantana camara,common lantana,Plantae,50333
68317977,2021-01-19,conservation_desi,research,https://www.inaturalist.org/observations/68317977,https://static.inaturalist.org/photos/110590918/medium.jpeg,"Bommalapura, Karnataka 571111, India",11.7351792986,76.7321756668,Karnataka,India,common lantana,Lantana camara,common lantana,Plantae,50333
68594540,2021-01-25,conservation_desi,research,https://www.inaturalist.org/observations/68594540,https://static.inaturalist.org/photos/111112101/medium.jpeg,"Chamrajnagar, IN-KA, IN",11.6501975711,76.7301659379,Karnataka,India,common lantana,Lantana camara,common lantana,Plantae,50333
68757210,2021-01-29,conservation_desi,research,https://www.inaturalist.org/observations/68757210,https://static.inaturalist.org/photos/111414561/medium.jpeg,"Bandipur, IN-KA-CJ, IN-KA, IN",11.6959594097,76.6411278304,Karnataka,India,common lantana,Lantana camara,common lantana,Plantae,50333
69365629,2021-02-08,conservation_desi,research,https://www.inaturalist.org/observations/69365629,https://static.inaturalist.org/photos/112527762/medium.jpeg,"Bandipur, IN-KA-MY, IN-KA, IN",11.7667965917,76.3114547543,Karnataka,India,common lantana,Lantana camara,common lantana,Plantae,50333
69540126,2021-02-14,poojarajdev,research,https://www.inaturalist.org/observations/69540126,https://inaturalist-open-data.s3.amazonaws.com/photos/112856176/medium.jpeg,"CPRI Staff Colony, Mathikere, Bengaluru, Karnataka 560012, India",13.0234683333,77.5711616667,Karnataka,India,common lantana,Lantana camara,common lantana,Plantae,50333
69758338,2021-02-18,ajay_mouli,research,https://www.inaturalist.org/observations/69758338,https://static.inaturalist.org/photos/113266957/medium.jpg,"Prestige Wellington Park Road, Bengaluru, KA, IN",13.0558746912,77.5459373021,Karnataka,India,common lantana,Lantana camara,common lantana,Plantae,50333
69910919,2021-02-21,poojarajdev,research,https://www.inaturalist.org/observations/69910919,https://inaturalist-open-data.s3.amazonaws.com/photos/113552717/medium.jpeg,"Bangalore, IN-KA, IN",13.1563542,77.4696593,Karnataka,India,common lantana,Lantana camara,common lantana,Plantae,50333
70133767,2020-09-22,michelle_huet,research,https://www.inaturalist.org/observations/70133767,https://static.inaturalist.org/photos/113956662/medium.jpeg,"Melekote, Karnataka 561205, India",13.3861593078,77.6468248665,Karnataka,India,common lantana,Lantana camara,common lantana,Plantae,50333
70303299,2021-02-28,conservation_desi,research,https://www.inaturalist.org/observations/70303299,https://static.inaturalist.org/photos/114736372/medium.jpeg,"Kodagu, IN-KA, IN",12.2314763954,75.6278289109,Karnataka,India,common lantana,Lantana camara,common lantana,Plantae,50333
70817058,2021-03-04,hydroweaver,research,https://www.inaturalist.org/observations/70817058,https://static.inaturalist.org/photos/115196152/medium.jpeg,"Tower 2, Thigalarapalya, Hoodi, Bengaluru, Karnataka 560067, India",12.991429882,77.7282181755,Karnataka,India,common lantana,Lantana camara,common lantana,Plantae,50333
74506164,2021-04-19,bhuvanvb,research,https://www.inaturalist.org/observations/74506164,https://inaturalist-open-data.s3.amazonaws.com/photos/121779712/medium.jpeg,Bengaluru,13.1227436066,77.6084136963,Karnataka,India,common lantana,Lantana camara,common lantana,Plantae,50333
79256864,2021-05-18,sriranjiniraman,research,https://www.inaturalist.org/observations/79256864,https://static.inaturalist.org/photos/129802483/medium.jpeg,"5, Dodsworth Layout, Whitefield, Bengaluru, Karnataka 560066, India",12.9705499722,77.745148,Karnataka,India,common lantana,Lantana camara,common lantana,Plantae,50333
80074463,2021-05-24,ayushayush,research,https://www.inaturalist.org/observations/80074463,https://static.inaturalist.org/photos/132123486/medium.jpg,"Moodabidri Shirthady Road, Mudbidri, KA, IN",13.0749028333,75.00125,Karnataka,India,common lantana,Lantana camara,common lantana,Plantae,50333
80843098,2021-03-06,shivaprakash,research,https://www.inaturalist.org/observations/80843098,https://inaturalist-open-data.s3.amazonaws.com/photos/132540230/medium.jpg,"Lingambudhi Lake, Lingambudhi Kere, Ramakrishnanagar, Mysuru, Karnataka 570023",12.269372,76.611978,Karnataka,India,common lantana,Lantana camara,common lantana,Plantae,50333
83133636,2021-06-14,haneesh,research,https://www.inaturalist.org/observations/83133636,https://inaturalist-open-data.s3.amazonaws.com/photos/136510238/medium.jpeg,"Kengeri Satellite Town, Bengaluru, Karnataka, India",12.9150945315,77.4696979879,Karnataka,India,common lantana,Lantana camara,common lantana,Plantae,50333
83756524,2021-06-19,haneesh,research,https://www.inaturalist.org/observations/83756524,https://inaturalist-open-data.s3.amazonaws.com/photos/137588129/medium.jpg,"Kengeri Satellite Town, Bengaluru, Karnataka, India",12.9150945315,77.4696979879,Karnataka,India,common lantana,Lantana camara,common lantana,Plantae,50333
84720820,2021-06-20,shivaprakash,research,https://www.inaturalist.org/observations/84720820,https://inaturalist-open-data.s3.amazonaws.com/photos/139271634/medium.jpeg,"Huliyurdurga, Karnataka 572123, India",12.8255251,77.0348573,Karnataka,India,common lantana,Lantana camara,common lantana,Plantae,50333
85647766,2021-06-23,siddharthfitwe,research,https://www.inaturalist.org/observations/85647766,https://static.inaturalist.org/photos/140953086/medium.jpeg,Jigani Lake,12.7959941422,77.6315995912,Karnataka,India,common lantana,Lantana camara,common lantana,Plantae,50333
85872605,2021-07-05,vikasdprasad,research,https://www.inaturalist.org/observations/85872605,https://inaturalist-open-data.s3.amazonaws.com/photos/141366580/medium.jpeg,"D'souza Nagar, Dwaraka Nagar, Banashankari, Bengaluru, Karnataka 560085, India",12.9324504997,77.5320636997,Karnataka,India,Lantana,Lantana camara,common lantana,Plantae,50333
86364219,2021-07-10,purvavenezia,research,https://www.inaturalist.org/observations/86364219,https://inaturalist-open-data.s3.amazonaws.com/photos/142265378/medium.jpeg,"Purva Venezia, Yelahanka New Town, Bengaluru, Karnataka 560065, India",13.09764213,77.57022624,Karnataka,India,common lantana,Lantana camara,common lantana,Plantae,50333
86519872,2021-07-11,vikasdprasad,research,https://www.inaturalist.org/observations/86519872,https://inaturalist-open-data.s3.amazonaws.com/photos/142546164/medium.jpeg,"Durga Parameshwari Nagar, Bangarappanagar, Hosakerehalli, Bengaluru, Karnataka, India",12.9244099997,77.5340465997,Karnataka,India,common lantana,Lantana camara,common lantana,Plantae,50333
87353415,2021-07-17,vr512,research,https://www.inaturalist.org/observations/87353415,https://inaturalist-open-data.s3.amazonaws.com/photos/144009953/medium.jpeg,"114, Anish projects green county, Marasandra, Karnataka 563160, India",12.9717376029,77.8661266342,Karnataka,India,common lantana,Lantana camara,common lantana,Plantae,50333
87377669,2021-07-17,rameshdesai,research,https://www.inaturalist.org/observations/87377669,https://static.inaturalist.org/photos/144054615/medium.jpeg,"Bhutnal Lake, Bijapur, Karnataka, India",16.8865018516,75.7099055128,Karnataka,India,common lantana,Lantana camara,common lantana,Plantae,50333
87528476,2021-07-18,rameshdesai,research,https://www.inaturalist.org/observations/87528476,https://static.inaturalist.org/photos/144321116/medium.jpeg,"Bijapur, IN-KA, IN",17.114522,75.723634,Karnataka,India,common lantana,Lantana camara,common lantana,Plantae,50333
87740185,2021-07-19,sanjay_pandita,research,https://www.inaturalist.org/observations/87740185,https://static.inaturalist.org/photos/144690881/medium.jpg,"Madikeri, Kodagu, KA, IN",12.4435082032,75.6992842165,Karnataka,India,馬櫻丹,Lantana camara,common lantana,Plantae,50333
88389019,2021-07-24,arvintrix,research,https://www.inaturalist.org/observations/88389019,https://inaturalist-open-data.s3.amazonaws.com/photos/145828880/medium.jpg,"B Hosahalli, Bengaluru, KA, IN",12.8507133333,77.7815633333,Karnataka,India,common lantana,Lantana camara,common lantana,Plantae,50333
88490426,2021-07-24,karthikeyaeco,research,https://www.inaturalist.org/observations/88490426,https://inaturalist-open-data.s3.amazonaws.com/photos/146008688/medium.jpg,"Bengaluru, Karnataka, India",12.8061455422,77.5390222046,Karnataka,India,馬櫻丹,Lantana camara,common lantana,Plantae,50333
88818241,2021-07-27,aadyathammaiah,research,https://www.inaturalist.org/observations/88818241,https://inaturalist-open-data.s3.amazonaws.com/photos/146593342/medium.jpeg,"Koel's Pizzeria Cross, Road, Hanumanthappa Layout, Kyalasanahalli, Bengaluru, Karnataka 560077, India",13.0604558,77.657084,Karnataka,India,common lantana,Lantana camara,common lantana,Plantae,50333
89155480,2019-08-19,harshithjv,research,https://www.inaturalist.org/observations/89155480,https://inaturalist-open-data.s3.amazonaws.com/photos/147197547/medium.jpeg,"Sammilan Shetty Butterfly Park, Belvai, Karnataka 574213, India",13.122776,74.993319,Karnataka,India,common lantana,Lantana camara,common lantana,Plantae,50333
91270293,2021-08-13,haneesh,research,https://www.inaturalist.org/observations/91270293,https://inaturalist-open-data.s3.amazonaws.com/photos/150941137/medium.jpg,"Kengeri Satellite Town, Bengaluru, Karnataka, India",12.9150945315,77.4696979879,Karnataka,India,common lantana,Lantana camara,common lantana,Plantae,50333
91279921,2021-08-14,haneesh,research,https://www.inaturalist.org/observations/91279921,https://inaturalist-open-data.s3.amazonaws.com/photos/150958079/medium.jpg,"Kengeri Satellite Town, Bengaluru, Karnataka, India",12.9150945315,77.4696979879,Karnataka,India,common lantana,Lantana camara,common lantana,Plantae,50333
91836000,2021-08-20,shreya_rathore,research,https://www.inaturalist.org/observations/91836000,https://static.inaturalist.org/photos/151970703/medium.jpeg,"2GXH+2GR, Siddhartha Nagar, 2nd Stage, Bengaluru, Karnataka 560058, India",13.0481087,77.5278821,Karnataka,India,Lantana camara aculeata,Lantana camara aculeata,,Plantae,136410
93964552,2021-09-07,vikasdprasad,research,https://www.inaturalist.org/observations/93964552,https://inaturalist-open-data.s3.amazonaws.com/photos/155810873/medium.jpeg,"D'souza Nagar, Dwaraka Nagar, Banashankari, Bengaluru, Karnataka 560085, India",12.9325578444,77.5321404833,Karnataka,India,common lantana,Lantana camara,common lantana,Plantae,50333
94401031,2021-09-08,keshav_murthy,research,https://www.inaturalist.org/observations/94401031,https://static.inaturalist.org/photos/156593622/medium.jpeg,"57PG+V6X, Ambaligolla, Karnataka 577214, India",14.1880459722,75.274444,Karnataka,India,common lantana,Lantana camara,common lantana,Plantae,50333
94618414,2021-09-10,chaithra,research,https://www.inaturalist.org/observations/94618414,https://inaturalist-open-data.s3.amazonaws.com/photos/156977178/medium.jpeg,"Hosaagrahara, Karnataka 571601, India",12.5594229588,76.3632969931,Karnataka,India,common lantana,Lantana camara,common lantana,Plantae,50333
96357041,2021-09-27,ralexander16,research,https://www.inaturalist.org/observations/96357041,https://inaturalist-open-data.s3.amazonaws.com/photos/160070157/medium.jpeg,Bengaluru,13.1550273895,77.6379623413,Karnataka,India,common lantana,Lantana camara,common lantana,Plantae,50333
96458226,2021-09-28,priyanjanap,research,https://www.inaturalist.org/observations/96458226,https://inaturalist-open-data.s3.amazonaws.com/photos/160251778/medium.jpeg,"Indian Institute of Science, Mathikere, Bengaluru, Karnataka 560012, India",13.0263246,77.5631656,Karnataka,India,common lantana,Lantana camara,common lantana,Plantae,50333
98585360,2021-10-17,shivaprakash,research,https://www.inaturalist.org/observations/98585360,https://inaturalist-open-data.s3.amazonaws.com/photos/164170834/medium.jpeg,"Sammilan Shetty's Buttery Park, Beluvai, Karnataka 574213, India",13.122776,74.993319,Karnataka,India,common lantana,Lantana camara,common lantana,Plantae,50333
98786866,2021-10-20,abhishek_pawar,research,https://www.inaturalist.org/observations/98786866,https://inaturalist-open-data.s3.amazonaws.com/photos/164553943/medium.jpg,"Shivamogga, Shivamogga, KA, IN",13.84503333,75.52895333,Karnataka,India,common lantana,Lantana camara,common lantana,Plantae,50333
98787630,2021-10-20,abhishek_pawar,research,https://www.inaturalist.org/observations/98787630,https://inaturalist-open-data.s3.amazonaws.com/photos/164555145/medium.jpg,"Shivamogga, Shivamogga, KA, IN",13.84433667,75.527655,Karnataka,India,common lantana,Lantana camara,common lantana,Plantae,50333
98861113,2021-10-20,kavya_e,research,https://www.inaturalist.org/observations/98861113,https://static.inaturalist.org/photos/164693395/medium.jpeg,8th Cross Road,13.0695060138,77.6167428866,Karnataka,India,common lantana,Lantana camara,common lantana,Plantae,50333
98909222,2021-10-20,kavya_e,research,https://www.inaturalist.org/observations/98909222,https://static.inaturalist.org/photos/164781427/medium.jpeg,8th Cross Road,13.0695060138,77.6167428866,Karnataka,India,馬櫻丹,Lantana camara,common lantana,Plantae,50333
98947148,2021-10-22,ananya_raj,research,https://www.inaturalist.org/observations/98947148,https://static.inaturalist.org/photos/164853522/medium.jpeg,Bank Colony,14.2357531469,76.4143662527,Karnataka,India,common lantana,Lantana camara,common lantana,Plantae,50333
98947344,2021-10-22,ananya_raj,research,https://www.inaturalist.org/observations/98947344,https://static.inaturalist.org/photos/164854059/medium.jpeg,Bank Colony,14.2357531469,76.4143662527,Karnataka,India,common lantana,Lantana camara,common lantana,Plantae,50333
98947500,2021-10-22,ananya_raj,research,https://www.inaturalist.org/observations/98947500,https://static.inaturalist.org/photos/164854407/medium.jpeg,Bank Colony,14.2357531469,76.4143662527,Karnataka,India,common lantana,Lantana camara,common lantana,Plantae,50333
98947521,2021-10-22,ananya_raj,research,https://www.inaturalist.org/observations/98947521,https://static.inaturalist.org/photos/164854433/medium.jpeg,Bank Colony,14.2357531469,76.4143662527,Karnataka,India,common lantana,Lantana camara,common lantana,Plantae,50333
98947528,2021-10-22,ananya_raj,research,https://www.inaturalist.org/observations/98947528,https://static.inaturalist.org/photos/164854473/medium.jpeg,"6CP7+7PX, Bank Colony, Chitradurga, Karnataka 577502, India",14.2357531469,76.4143662527,Karnataka,India,common lantana,Lantana camara,common lantana,Plantae,50333
99107094,2021-10-23,neeraj_neeraj,research,https://www.inaturalist.org/observations/99107094,https://static.inaturalist.org/photos/165139979/medium.jpg,"Bangalore, Karnataka, India",13.119738,77.586433,Karnataka,India,common lantana,Lantana camara,common lantana,Plantae,50333
99107096,2021-10-23,neeraj_neeraj,research,https://www.inaturalist.org/observations/99107096,https://static.inaturalist.org/photos/165140018/medium.jpg,"Bangalore, Karnataka, India",13.119741,77.586437,Karnataka,India,common lantana,Lantana camara,common lantana,Plantae,50333
99939884,2021-11-01,rajeevb,research,https://www.inaturalist.org/observations/99939884,https://static.inaturalist.org/photos/166717050/medium.jpeg,"Bengaluru, Karnataka 560097, India",13.0836016667,77.5395333333,Karnataka,India,common lantana,Lantana camara,common lantana,Plantae,50333
100308386,2021-11-05,shivaprakash,research,https://www.inaturalist.org/observations/100308386,https://inaturalist-open-data.s3.amazonaws.com/photos/167397312/medium.jpeg,"Kemmannupura, Karnataka 570026, India",12.2935583321,76.5740945095,Karnataka,India,common lantana,Lantana camara,common lantana,Plantae,50333
103511191,2021-12-15,hopeland,research,https://www.inaturalist.org/observations/103511191,https://inaturalist-open-data.s3.amazonaws.com/photos/173257499/medium.jpeg,"Kodagu, IN-KA, IN",12.5712413283,75.6390780373,Karnataka,India,common lantana,Lantana camara,common lantana,Plantae,50333
103632112,2021-12-15,hopeland,research,https://www.inaturalist.org/observations/103632112,https://inaturalist-open-data.s3.amazonaws.com/photos/173491513/medium.jpeg,"Kodagu, IN-KA, IN",12.5086564398,75.6125944894,Karnataka,India,common lantana,Lantana camara,common lantana,Plantae,50333
103632124,2021-12-15,hopeland,research,https://www.inaturalist.org/observations/103632124,https://inaturalist-open-data.s3.amazonaws.com/photos/173491835/medium.jpeg,"Kodagu, IN-KA, IN",12.4098731382,75.7380661481,Karnataka,India,common lantana,Lantana camara,common lantana,Plantae,50333
104635996,2022-01-09,shivaprakash,research,https://www.inaturalist.org/observations/104635996,https://inaturalist-open-data.s3.amazonaws.com/photos/175372579/medium.jpeg,"Muganahundi, Mysore Dt",12.2626994217,76.5676205815,Karnataka,India,common lantana,Lantana camara,common lantana,Plantae,50333
106951377,2022-02-18,malaika_mmc,research,https://www.inaturalist.org/observations/106951377,https://inaturalist-open-data.s3.amazonaws.com/photos/180042120/medium.jpeg,"PJMM+4MR, Malligenahalli, Karnataka 577115, India",13.7328714,75.6341858,Karnataka,India,common lantana,Lantana camara,common lantana,Plantae,50333
111373774,2022-04-14,maximrodriguesk,research,https://www.inaturalist.org/observations/111373774,https://static.inaturalist.org/photos/188007235/medium.jpeg,"Karnataka 577217, India",14.2588096605,75.6573566794,Karnataka,India,common lantana,Lantana camara,common lantana,Plantae,50333
112021341,2022-04-18,karthikeyaeco,research,https://www.inaturalist.org/observations/112021341,https://inaturalist-open-data.s3.amazonaws.com/photos/189181042/medium.jpg,"Nagarahole Tiger Reserve Forest Campus, Old BM Rd, Hunsur, Karnataka 571105, India",12.0485329,76.1531401,Karnataka,India,common lantana,Lantana camara,common lantana,Plantae,50333
119204273,2022-05-29,praveen_tangirala,research,https://www.inaturalist.org/observations/119204273,https://inaturalist-open-data.s3.amazonaws.com/photos/201489293/medium.jpg,"Muthanallur Amanikere, Karnataka, India",12.8237901511,77.7341317903,Karnataka,India,common lantana,Lantana camara,common lantana,Plantae,50333
119709660,2022-06-01,sahanashetty,research,https://www.inaturalist.org/observations/119709660,https://inaturalist-open-data.s3.amazonaws.com/photos/202397446/medium.jpg,"Vihara Marg, Mysuru, KA, IN",12.3008643882,76.677831933,Karnataka,India,common lantana,Lantana camara,common lantana,Plantae,50333
120415621,2022-04-04,kristofz,research,https://www.inaturalist.org/observations/120415621,https://inaturalist-open-data.s3.amazonaws.com/photos/203659853/medium.jpg,"Yerramaranahalli, Karnataka, India",13.5494673209,77.6577204488,Karnataka,India,common lantana,Lantana camara,common lantana,Plantae,50333
120417226,2022-04-04,kristofz,research,https://www.inaturalist.org/observations/120417226,https://inaturalist-open-data.s3.amazonaws.com/photos/202077786/medium.jpg,"Nandi Hills, Karnataka, India",13.3719195915,77.6853787131,Karnataka,India,common lantana,Lantana camara,common lantana,Plantae,50333
121094308,2022-06-10,arvintrix,research,https://www.inaturalist.org/observations/121094308,https://inaturalist-open-data.s3.amazonaws.com/photos/204881824/medium.jpg,"Bikkanahalli Main Road, Bengaluru, KA, IN",12.8485166667,77.777345,Karnataka,India,common lantana,Lantana camara,common lantana,Plantae,50333
121225902,2022-06-10,prajwaldeep,research,https://www.inaturalist.org/observations/121225902,https://static.inaturalist.org/photos/205117649/medium.jpeg,Bangalore,12.9714785136,77.5945626944,Karnataka,India,馬櫻丹,Lantana camara,common lantana,Plantae,50333
123241222,2022-06-24,umavaijnath,research,https://www.inaturalist.org/observations/123241222,https://inaturalist-open-data.s3.amazonaws.com/photos/208756008/medium.jpeg,"VGG9+C99, Pavamanapura, Bengaluru, Karnataka 560062, India",12.8759790969,77.5187108293,Karnataka,India,common lantana,Lantana camara,common lantana,Plantae,50333
123361682,2022-06-25,sunbird-sameer,research,https://www.inaturalist.org/observations/123361682,https://inaturalist-open-data.s3.amazonaws.com/photos/208974057/medium.jpeg,Chamundi Hill,12.2732852954,76.670743525,Karnataka,India,common lantana,Lantana camara,common lantana,Plantae,50333
123401601,2022-06-25,karsten_s,research,https://www.inaturalist.org/observations/123401601,https://static.inaturalist.org/photos/209040845/medium.jpeg,"Ittige Gudu, Mysuru, Karnataka 570010, India",12.3051930163,76.6603188259,Karnataka,India,馬櫻丹,Lantana camara,common lantana,Plantae,50333
123796981,2022-06-25,ansilbr,research,https://www.inaturalist.org/observations/123796981,https://inaturalist-open-data.s3.amazonaws.com/photos/209762888/medium.jpeg,"Orchids The International School 1, Orchids The International School 1, Sahakar Nagar, Kodigehalli, Bengaluru, Karnataka 560092, India",13.0685111111,77.5815166667,Karnataka,India,common lantana,Lantana camara,common lantana,Plantae,50333
124578377,2022-07-03,ansilbr,research,https://www.inaturalist.org/observations/124578377,https://inaturalist-open-data.s3.amazonaws.com/photos/211168497/medium.jpeg,"Kadalagere, Karnataka 571431, India",12.6722055556,76.6540833333,Karnataka,India,common lantana,Lantana camara,common lantana,Plantae,50333
124578414,2022-07-03,ansilbr,research,https://www.inaturalist.org/observations/124578414,https://inaturalist-open-data.s3.amazonaws.com/photos/211168576/medium.jpeg,"Sreeraghurampura, Karnataka 571431, India",12.684,76.6927,Karnataka,India,common lantana,Lantana camara,common lantana,Plantae,50333
124959904,2022-07-05,sumatagadur,research,https://www.inaturalist.org/observations/124959904,https://inaturalist-open-data.s3.amazonaws.com/photos/211864452/medium.jpeg,"7J98+PF3, near Lingambudhi Lake, Lingambudhi Kere, Srirampura, Mysuru, Karnataka 570023, India",12.26776025,76.6132049444,Karnataka,India,common lantana,Lantana camara,common lantana,Plantae,50333
125576683,2022-07-10,trsraman,research,https://www.inaturalist.org/observations/125576683,https://inaturalist-open-data.s3.amazonaws.com/photos/212972074/medium.jpeg,"Devanahally, Karnataka 562110, India",13.310328,77.7103818,Karnataka,India,common lantana,Lantana camara,common lantana,Plantae,50333
126219952,2022-07-11,srijan_pandhari_,research,https://www.inaturalist.org/observations/126219952,https://inaturalist-open-data.s3.amazonaws.com/photos/214136779/medium.png,"Bengaluru, Karnataka, India",12.9715987,77.5945627,Karnataka,India,common lantana,Lantana camara,common lantana,Plantae,50333
126634096,2022-07-17,arvintrix,research,https://www.inaturalist.org/observations/126634096,https://inaturalist-open-data.s3.amazonaws.com/photos/214885895/medium.jpg,"Bikkanahalli Main Road, Bengaluru, KA, IN",12.8515383333,77.77977,Karnataka,India,common lantana,Lantana camara,common lantana,Plantae,50333
127331300,2022-07-22,shivaprakash,research,https://www.inaturalist.org/observations/127331300,https://inaturalist-open-data.s3.amazonaws.com/photos/216162326/medium.jpg,"Ramakrishnanagar, Mysuru, Karnataka, India",12.2880414563,76.6157282558,Karnataka,India,common lantana,Lantana camara,common lantana,Plantae,50333
127680140,2022-07-24,ashwinv,research,https://www.inaturalist.org/observations/127680140,https://inaturalist-open-data.s3.amazonaws.com/photos/216789771/medium.jpeg,"Hanchya, Karnataka 570019, India",12.3292029722,76.7281409722,Karnataka,India,common lantana,Lantana camara,common lantana,Plantae,50333
127680175,2022-07-24,ashwinv,research,https://www.inaturalist.org/observations/127680175,https://inaturalist-open-data.s3.amazonaws.com/photos/216789839/medium.jpeg,"Hanchya, Karnataka 570019, India",12.3292029722,76.7281409722,Karnataka,India,common lantana,Lantana camara,common lantana,Plantae,50333
128591260,2022-07-30,sandhya_17,research,https://www.inaturalist.org/observations/128591260,https://inaturalist-open-data.s3.amazonaws.com/photos/218438922/medium.jpeg,"Bangalore, IN-KA, IN",12.9077256944,77.5979894722,Karnataka,India,Lantana camara,Lantana camara,common lantana,Plantae,50333
131161245,2022-08-17,idrkwigo9,research,https://www.inaturalist.org/observations/131161245,https://inaturalist-open-data.s3.amazonaws.com/photos/223166203/medium.jpg,"5th Main Road, Bengaluru, KA, IN",13.1083195614,77.5735958712,Karnataka,India,common lantana,Lantana camara,common lantana,Plantae,50333
132547881,2022-08-21,kartrick,research,https://www.inaturalist.org/observations/132547881,https://inaturalist-open-data.s3.amazonaws.com/photos/225709372/medium.jpeg,"Sabbanahalli, Karnataka, India",13.6963194167,77.6481569167,Karnataka,India,Lantana camara aculeata,Lantana camara aculeata,,Plantae,136410
132551930,2022-08-21,kartrick,research,https://www.inaturalist.org/observations/132551930,https://inaturalist-open-data.s3.amazonaws.com/photos/225717219/medium.jpeg,"Chikballapura, IN-KA, IN",13.7006140833,77.6464914167,Karnataka,India,Lantana camara aculeata,Lantana camara aculeata,,Plantae,136410
132759259,2022-07-20,rajeshkumarm,research,https://www.inaturalist.org/observations/132759259,https://inaturalist-open-data.s3.amazonaws.com/photos/226043209/medium.jpeg,"Jarakbandekaval, Karnataka, India",13.1200779722,77.5358109722,Karnataka,India,common lantana,Lantana camara,common lantana,Plantae,50333
132797216,2022-08-19,gannu03,research,https://www.inaturalist.org/observations/132797216,https://inaturalist-open-data.s3.amazonaws.com/photos/226100934/medium.jpeg,"Karnataka, India",15.3172775,75.7138884,Karnataka,India,common lantana,Lantana camara,common lantana,Plantae,50333
136681952,2022-01-02,suhelq,research,https://www.inaturalist.org/observations/136681952,https://inaturalist-open-data.s3.amazonaws.com/photos/233314564/medium.jpeg,"5H9W+PMV Stonehill International School Auditorium, Bengaluru, Karnataka 562157, India",13.1721226944,77.5965060833,Karnataka,India,common lantana,Lantana camara,common lantana,Plantae,50333
136682009,2022-01-02,suhelq,research,https://www.inaturalist.org/observations/136682009,https://inaturalist-open-data.s3.amazonaws.com/photos/233314649/medium.jpeg,"5H9W+PMV Stonehill International School Auditorium, Bengaluru, Karnataka 562157, India",13.1720406944,77.5939379722,Karnataka,India,common lantana,Lantana camara,common lantana,Plantae,50333
137027542,2022-09-30,ansilbr,research,https://www.inaturalist.org/observations/137027542,https://inaturalist-open-data.s3.amazonaws.com/photos/233954712/medium.jpeg,"Bengaluru, Karnataka 562162, India",12.9932722222,77.4008,Karnataka,India,common lantana,Lantana camara,common lantana,Plantae,50333
137109301,2022-10-01,ansilbr,research,https://www.inaturalist.org/observations/137109301,https://inaturalist-open-data.s3.amazonaws.com/photos/234106690/medium.jpeg,"Rajiv Gandhi Nagar, Kodigehalli, Bengaluru, Karnataka, India",13.0701611111,77.5856333333,Karnataka,India,common lantana,Lantana camara,common lantana,Plantae,50333
137109328,2022-10-01,ansilbr,research,https://www.inaturalist.org/observations/137109328,https://inaturalist-open-data.s3.amazonaws.com/photos/234106754/medium.jpeg,"3HCM+5G3, Nti Layout, Sahakar Nagar, Kodigehalli, Bengaluru, Karnataka 560097, India",13.070529,77.5838109722,Karnataka,India,common lantana,Lantana camara,common lantana,Plantae,50333
137484393,2022-10-02,ansilbr,research,https://www.inaturalist.org/observations/137484393,https://inaturalist-open-data.s3.amazonaws.com/photos/234820779/medium.jpeg,"3HJ8+27P, Vignana Kendra, Bengaluru, Karnataka 560065, India",13.0807833333,77.5653444444,Karnataka,India,common lantana,Lantana camara,common lantana,Plantae,50333
137625961,2022-10-01,suhelq,research,https://www.inaturalist.org/observations/137625961,https://inaturalist-open-data.s3.amazonaws.com/photos/235088070/medium.jpeg,"Yagnashala, Bengaluru, Karnataka 560082, India",12.8286563,77.5133909,Karnataka,India,common lantana,Lantana camara,common lantana,Plantae,50333
138815642,2022-10-07,rajivthanawala,research,https://www.inaturalist.org/observations/138815642,https://inaturalist-open-data.s3.amazonaws.com/photos/237320262/medium.jpg,"Santhadi house NH-169 Butterfly Park Road Mangalore, Beluvai, Karnataka 574213, India",13.122776,74.993319,Karnataka,India,common lantana,Lantana camara,common lantana,Plantae,50333
138815644,2022-10-07,rajivthanawala,research,https://www.inaturalist.org/observations/138815644,https://inaturalist-open-data.s3.amazonaws.com/photos/237320280/medium.jpg,"Santhadi house NH-169 Butterfly Park Road Mangalore, Beluvai, Karnataka 574213, India",13.122776,74.993319,Karnataka,India,common lantana,Lantana camara,common lantana,Plantae,50333
138815645,2022-10-07,rajivthanawala,research,https://www.inaturalist.org/observations/138815645,https://inaturalist-open-data.s3.amazonaws.com/photos/237320308/medium.jpg,"Santhadi house NH-169 Butterfly Park Road Mangalore, Beluvai, Karnataka 574213, India",13.122776,74.993319,Karnataka,India,common lantana,Lantana camara,common lantana,Plantae,50333
138815650,2022-10-07,rajivthanawala,research,https://www.inaturalist.org/observations/138815650,https://inaturalist-open-data.s3.amazonaws.com/photos/237320373/medium.jpg,"Santhadi house NH-169 Butterfly Park Road Mangalore, Beluvai, Karnataka 574213, India",13.122776,74.993319,Karnataka,India,common lantana,Lantana camara,common lantana,Plantae,50333
139743158,2022-10-23,sriharsha444,research,https://www.inaturalist.org/observations/139743158,https://inaturalist-open-data.s3.amazonaws.com/photos/239074981/medium.jpeg,"Bandappa Garden, Mathikere, Bengaluru, Karnataka, India",13.0341529722,77.5479125833,Karnataka,India,common lantana,Lantana camara,common lantana,Plantae,50333
140777282,2022-11-01,pramod_j_,research,https://www.inaturalist.org/observations/140777282,https://static.inaturalist.org/photos/241027126/medium.jpeg,"Dharwad, IN-KA, IN",15.4373798333,74.9834060556,Karnataka,India,common lantana,Lantana camara,common lantana,Plantae,50333
140866257,2022-08-14,karthikeyaeco,research,https://www.inaturalist.org/observations/140866257,https://inaturalist-open-data.s3.amazonaws.com/photos/241194884/medium.jpg,"B.R.Hills, Karnataka 571117, India",11.9956324,77.142764,Karnataka,India,common lantana,Lantana camara,common lantana,Plantae,50333
140866266,2022-08-14,karthikeyaeco,research,https://www.inaturalist.org/observations/140866266,https://inaturalist-open-data.s3.amazonaws.com/photos/241195036/medium.jpg,"B.R.Hills, Karnataka 571117, India",11.9956324,77.142764,Karnataka,India,common lantana,Lantana camara,common lantana,Plantae,50333
140866300,2022-08-14,karthikeyaeco,research,https://www.inaturalist.org/observations/140866300,https://inaturalist-open-data.s3.amazonaws.com/photos/241195167/medium.jpg,"B.R.Hills, Karnataka 571117, India",11.9956324,77.142764,Karnataka,India,common lantana,Lantana camara,common lantana,Plantae,50333
142065924,2022-11-12,nephercheres,research,https://www.inaturalist.org/observations/142065924,https://static.inaturalist.org/photos/243504145/medium.jpg,"Nagasandra Road, Bengaluru, KA, IN",12.9538542516,77.6427367949,Karnataka,India,common lantana,Lantana camara,common lantana,Plantae,50333
143260419,2022-11-29,parimala_rao,research,https://www.inaturalist.org/observations/143260419,https://static.inaturalist.org/photos/245673085/medium.jpeg,"Bangalore, IN-KA, IN",12.9013204352,77.535674125,Karnataka,India,common lantana,Lantana camara,common lantana,Plantae,50333
143480049,2022-11-13,sunandav,research,https://www.inaturalist.org/observations/143480049,https://inaturalist-open-data.s3.amazonaws.com/photos/246072643/medium.jpeg,"IISC Bangalore, Gulmohar Marg, Mathikere, Bengaluru, Karnataka 560012, India",13.0169513,77.5670914,Karnataka,India,common lantana,Lantana camara,common lantana,Plantae,50333
144232227,2022-12-05,virenvaz,research,https://www.inaturalist.org/observations/144232227,https://inaturalist-open-data.s3.amazonaws.com/photos/247505579/medium.jpeg,"Sangave, Karnataka 581363, India",15.1870662752,74.5465187027,Karnataka,India,common lantana,Lantana camara,common lantana,Plantae,50333
146166725,2022-12-05,sunandav,research,https://www.inaturalist.org/observations/146166725,https://inaturalist-open-data.s3.amazonaws.com/photos/251235194/medium.jpeg,"Devasandra Layout, Bengaluru, Karnataka, India",13.0220941905,77.5700525353,Karnataka,India,common lantana,Lantana camara,common lantana,Plantae,50333
146959212,2022-06-28,prajna_k,research,https://www.inaturalist.org/observations/146959212,https://static.inaturalist.org/photos/252784889/medium.jpeg,"Malmaddi, Dharwad, Karnataka, India",15.4530416667,74.9978916667,Karnataka,India,common lantana,Lantana camara,common lantana,Plantae,50333
147756936,2023-01-31,rk4478,research,https://www.inaturalist.org/observations/147756936,https://inaturalist-open-data.s3.amazonaws.com/photos/254307773/medium.jpg,"Gundlupet, Chamarajanagar, KA, IN",11.6397883333,76.6909783333,Karnataka,India,common lantana,Lantana camara,common lantana,Plantae,50333
148950186,2023-02-16,vijay44,research,https://www.inaturalist.org/observations/148950186,https://static.inaturalist.org/photos/256592919/medium.jpeg,"Agumbe, Karnataka, India",13.5100467595,75.1023298502,Karnataka,India,common lantana,Lantana camara,common lantana,Plantae,50333
149102171,2023-02-19,aditi_31,research,https://www.inaturalist.org/observations/149102171,https://inaturalist-open-data.s3.amazonaws.com/photos/256875168/medium.jpeg,Belagavi,15.7795362473,74.4538421631,Karnataka,India,common lantana,Lantana camara,common lantana,Plantae,50333
150177923,2023-03-02,n_and_,research,https://www.inaturalist.org/observations/150177923,https://inaturalist-open-data.s3.amazonaws.com/photos/258973862/medium.jpeg,"FP49+2C4, Hebbettageri, Karnataka 571201, India",12.4555368333,75.7179794167,Karnataka,India,common lantana,Lantana camara,common lantana,Plantae,50333
151140073,2023-03-02,yuvathini,research,https://www.inaturalist.org/observations/151140073,https://inaturalist-open-data.s3.amazonaws.com/photos/260736418/medium.jpeg,Abbey falls,12.4582559939,75.7195141912,Karnataka,India,common lantana,Lantana camara,common lantana,Plantae,50333
151398243,2023-03-17,tragopan,research,https://www.inaturalist.org/observations/151398243,https://inaturalist-open-data.s3.amazonaws.com/photos/261359984/medium.jpg,"Kadagrahara, Bengaluru, KA, IN",12.85863,77.7705133333,Karnataka,India,common lantana,Lantana camara,common lantana,Plantae,50333
152726146,2023-03-24,haneesh,research,https://www.inaturalist.org/observations/152726146,https://inaturalist-open-data.s3.amazonaws.com/photos/263684803/medium.jpeg,"Santhadi house NH-169 Butterfly Park Road Mangalore, Beluvai, Karnataka 574213, India",13.122776,74.993319,Karnataka,India,common lantana,Lantana camara,common lantana,Plantae,50333
153150332,2023-04-02,shivaprakash,research,https://www.inaturalist.org/observations/153150332,https://inaturalist-open-data.s3.amazonaws.com/photos/264479395/medium.jpeg,"Doddakaturu, Karnataka 570008, India",12.1675908173,76.6061549027,Karnataka,India,common lantana,Lantana camara,common lantana,Plantae,50333
153203216,2023-03-25,haneesh,research,https://www.inaturalist.org/observations/153203216,https://inaturalist-open-data.s3.amazonaws.com/photos/264575131/medium.jpeg,"Santhadi house NH-169 Butterfly Park Road Mangalore, Beluvai, Karnataka 574213, India",13.122776,74.993319,Karnataka,India,common lantana,Lantana camara,common lantana,Plantae,50333
154401193,2023-03-01,aadhithan,research,https://www.inaturalist.org/observations/154401193,https://inaturalist-open-data.s3.amazonaws.com/photos/266783872/medium.jpeg,"WCCR+6JW, Hunasemaradapalya, Bheemanakuppe Ramasagara, Karnataka 560060, India",12.9206072,77.4415806,Karnataka,India,common lantana,Lantana camara,common lantana,Plantae,50333
154401195,2023-03-01,aadhithan,research,https://www.inaturalist.org/observations/154401195,https://inaturalist-open-data.s3.amazonaws.com/photos/266783950/medium.jpeg,"WCCR+6JW, Hunasemaradapalya, Bheemanakuppe Ramasagara, Karnataka 560060, India",12.9206072,77.4415806,Karnataka,India,common lantana,Lantana camara,common lantana,Plantae,50333
154402535,2023-03-01,aadhithan,research,https://www.inaturalist.org/observations/154402535,https://inaturalist-open-data.s3.amazonaws.com/photos/266787528/medium.jpeg,"WCCR+6JW, Hunasemaradapalya, Bheemanakuppe Ramasagara, Karnataka 560060, India",12.9206072,77.4415806,Karnataka,India,common lantana,Lantana camara,common lantana,Plantae,50333
154402539,2023-03-01,aadhithan,research,https://www.inaturalist.org/observations/154402539,https://inaturalist-open-data.s3.amazonaws.com/photos/266787561/medium.jpeg,"WCCR+6JW, Hunasemaradapalya, Bheemanakuppe Ramasagara, Karnataka 560060, India",12.9206072,77.4415806,Karnataka,India,common lantana,Lantana camara,common lantana,Plantae,50333
154684357,2023-04-13,iraa,research,https://www.inaturalist.org/observations/154684357,https://static.inaturalist.org/photos/267304842/medium.jpeg,"Bangalore, IN-KA, IN",12.82765114,77.5081346,Karnataka,India,common lantana,Lantana camara,common lantana,Plantae,50333
155743092,2023-01-01,pjeganathan,research,https://www.inaturalist.org/observations/155743092,https://inaturalist-open-data.s3.amazonaws.com/photos/269249857/medium.jpeg,"3P23+G74, Gopinatham, Karnataka 571490, India",12.0502283114,77.7036397532,Karnataka,India,common lantana,Lantana camara,common lantana,Plantae,50333
156979965,2023-04-28,haneesh,research,https://www.inaturalist.org/observations/156979965,https://inaturalist-open-data.s3.amazonaws.com/photos/271488576/medium.jpeg,Kengeri Satellite Town,12.9230515371,77.484651804,Karnataka,India,common lantana,Lantana camara,common lantana,Plantae,50333
156992918,2023-04-28,suhelq,research,https://www.inaturalist.org/observations/156992918,https://inaturalist-open-data.s3.amazonaws.com/photos/271511268/medium.jpeg,"3HCF+M3W, Sir M.V. Layout, Sonappa Layout, Kodigehalli, Bengaluru, Karnataka 560097, India",13.0716613889,77.572867,Karnataka,India,common lantana,Lantana camara,common lantana,Plantae,50333
156992955,2023-04-28,suhelq,research,https://www.inaturalist.org/observations/156992955,https://inaturalist-open-data.s3.amazonaws.com/photos/271511309/medium.jpeg,"4, Siddivinayaka Layout, Sonappa Layout, Kodigehalli, Bengaluru, Karnataka 560097, India",13.0683866944,77.5753615833,Karnataka,India,common lantana,Lantana camara,common lantana,Plantae,50333
157053198,2023-04-28,stalinsm,research,https://www.inaturalist.org/observations/157053198,https://inaturalist-open-data.s3.amazonaws.com/photos/271601290/medium.jpg,"Bengaluru, Karnataka, India",12.8821638889,77.4651861111,Karnataka,India,common lantana,Lantana camara,common lantana,Plantae,50333
157453090,2023-04-29,tarachand,research,https://www.inaturalist.org/observations/157453090,https://inaturalist-open-data.s3.amazonaws.com/photos/272245227/medium.jpg,"Hosakote, Bengaluru Rural, KA, IN",13.0634219892,77.7685785572,Karnataka,India,common lantana,Lantana camara,common lantana,Plantae,50333
157453303,2023-04-29,tarachand,research,https://www.inaturalist.org/observations/157453303,https://inaturalist-open-data.s3.amazonaws.com/photos/272245524/medium.jpg,"Hosakote, Bengaluru Rural, KA, IN",13.0634331004,77.7685757388,Karnataka,India,common lantana,Lantana camara,common lantana,Plantae,50333
157453828,2023-04-29,manidipmandal,research,https://www.inaturalist.org/observations/157453828,https://inaturalist-open-data.s3.amazonaws.com/photos/272246468/medium.jpeg,"CK palya Maine road Meenakshi layout 3rd cross Saptagiri nivash no 87, Bengaluru, Karnataka 560083, India",12.8329809,77.5938052997,Karnataka,India,common lantana,Lantana camara,common lantana,Plantae,50333
157482110,2023-04-29,swathiha,research,https://www.inaturalist.org/observations/157482110,https://static.inaturalist.org/photos/272291615/medium.jpeg,"ACADEMIC BLOCK, AMC GROUP OF INSTITUTION, Bengaluru, Karnataka 560083, India",12.8291777778,77.590775,Karnataka,India,common lantana,Lantana camara,common lantana,Plantae,50333
157554955,2023-04-29,vasudeesha,research,https://www.inaturalist.org/observations/157554955,https://static.inaturalist.org/photos/272396305/medium.jpg,"RHQQ+4P, Basavanapura, Bengaluru, Karnataka 560083, India",12.8378402,77.589327,Karnataka,India,common lantana,Lantana camara,common lantana,Plantae,50333
157636037,2023-04-29,stalinsm,research,https://www.inaturalist.org/observations/157636037,https://inaturalist-open-data.s3.amazonaws.com/photos/272509052/medium.jpg,"Bangalore, Karnataka, India",12.8855138889,77.4676055556,Karnataka,India,common lantana,Lantana camara,common lantana,Plantae,50333
157973765,2023-04-30,subbu107,research,https://www.inaturalist.org/observations/157973765,https://inaturalist-open-data.s3.amazonaws.com/photos/273076812/medium.jpg,"Adarsha Layout, Lingadeeranahalli, Bengaluru, Karnataka 560109, India",12.8714176994,77.5240128553,Karnataka,India,common lantana,Lantana camara,common lantana,Plantae,50333
162801176,2023-05-06,deepachandran,research,https://www.inaturalist.org/observations/162801176,https://inaturalist-open-data.s3.amazonaws.com/photos/281528917/medium.jpeg,B.R.Hills,11.9987747611,77.1398310363,Karnataka,India,common lantana,Lantana camara,common lantana,Plantae,50333
162857323,2023-05-21,shivaprakash,research,https://www.inaturalist.org/observations/162857323,https://inaturalist-open-data.s3.amazonaws.com/photos/281623971/medium.jpeg,"Sindhuvalli, Karnataka, India",12.2132993036,76.6253000651,Karnataka,India,common lantana,Lantana camara,common lantana,Plantae,50333
167326833,2023-06-14,falko,research,https://www.inaturalist.org/observations/167326833,https://inaturalist-open-data.s3.amazonaws.com/photos/289857355/medium.jpg,"Kalasipalyam, Bengaluru, KA, IN",12.9607223023,77.5743341959,Karnataka,India,common lantana,Lantana camara,common lantana,Plantae,50333
167347722,2022-10-01,druva_murali,research,https://www.inaturalist.org/observations/167347722,https://inaturalist-open-data.s3.amazonaws.com/photos/289889751/medium.jpg,"Sammilan Shetty's Butterfly Park, Belvai",13.122734074,74.9926399019,Karnataka,India,common lantana,Lantana camara,common lantana,Plantae,50333
169365424,2023-03-02,ahsrav,research,https://www.inaturalist.org/observations/169365424,https://inaturalist-open-data.s3.amazonaws.com/photos/293620625/medium.jpeg,Madikeri,12.4244192352,75.7381853834,Karnataka,India,common lantana,Lantana camara,common lantana,Plantae,50333
169766192,2022-09-08,ajith__kumar,research,https://www.inaturalist.org/observations/169766192,https://static.inaturalist.org/photos/294355558/medium.jpeg,"75W7+PPH, Mydala, Karnataka 572104, India",13.2969083333,77.1638972222,Karnataka,India,common lantana,Lantana camara,common lantana,Plantae,50333
169884012,2023-06-28,psat10,research,https://www.inaturalist.org/observations/169884012,https://static.inaturalist.org/photos/294570740/medium.jpeg,"Vignana Kendra, 3HPF+H6R, Vignana Kendra, Bengaluru, Karnataka 560065, India",13.0863333333,77.5730633333,Karnataka,India,common lantana,Lantana camara,common lantana,Plantae,50333
169943623,2023-06-10,ansilbr,research,https://www.inaturalist.org/observations/169943623,https://inaturalist-open-data.s3.amazonaws.com/photos/294683125/medium.jpeg,"512, Rajiv Gandhi Nagar, Kodigehalli, Bengaluru, Karnataka 560097, India",13.0697666667,77.5852611111,Karnataka,India,common lantana,Lantana camara,common lantana,Plantae,50333
170488959,2023-06-24,ingmar51,research,https://www.inaturalist.org/observations/170488959,https://inaturalist-open-data.s3.amazonaws.com/photos/295706222/medium.jpeg,"Mojo Plantation Galibeedu, Madikeri, Karnataka 571201, India",12.477096,75.709416,Karnataka,India,common lantana,Lantana camara,common lantana,Plantae,50333
170807451,2023-06-21,aadhithan,research,https://www.inaturalist.org/observations/170807451,https://inaturalist-open-data.s3.amazonaws.com/photos/296312331/medium.jpeg,"WCCR+6JW, Hunasemaradapalya, Bheemanakuppe Ramasagara, Karnataka 560060, India",12.9206072,77.4415806,Karnataka,India,common lantana,Lantana camara,common lantana,Plantae,50333
172963824,2022-12-25,abhiapc,research,https://www.inaturalist.org/observations/172963824,https://static.inaturalist.org/photos/300325434/medium.jpeg,"6JFG+3WM, Dadadahalli, Karnataka 570008, India",12.2227233,76.6272876,Karnataka,India,Lantana camara,Lantana camara,common lantana,Plantae,50333
173367874,2023-07-17,abhiapc,research,https://www.inaturalist.org/observations/173367874,https://static.inaturalist.org/photos/301069572/medium.jpeg,Kalalavadi,12.2276271161,76.6123883799,Karnataka,India,common lantana,Lantana camara,common lantana,Plantae,50333
173724030,2023-07-05,chayantgonsalves,research,https://www.inaturalist.org/observations/173724030,https://inaturalist-open-data.s3.amazonaws.com/photos/301726196/medium.jpeg,"Chamrajnagar, IN-KA, IN",12.0022595463,77.1454834566,Karnataka,India,common lantana,Lantana camara,common lantana,Plantae,50333
175370740,2023-07-26,kunikimu,research,https://www.inaturalist.org/observations/175370740,https://inaturalist-open-data.s3.amazonaws.com/photos/304769264/medium.jpeg,Thubarahalli Lake,12.9582659115,77.7255356312,Karnataka,India,common lantana,Lantana camara,common lantana,Plantae,50333
175503313,2022-11-23,albadush,research,https://www.inaturalist.org/observations/175503313,https://inaturalist-open-data.s3.amazonaws.com/photos/305015589/medium.jpg,"Bengaluru, Karnataka, India",13.1111861111,77.5264777778,Karnataka,India,common lantana,Lantana camara,common lantana,Plantae,50333
176889848,2023-08-06,ivijayanand,research,https://www.inaturalist.org/observations/176889848,https://inaturalist-open-data.s3.amazonaws.com/photos/307582979/medium.jpg,"7th Cross Road, Bengaluru, KA, IN",12.9312875558,77.6267091522,Karnataka,India,common lantana,Lantana camara,common lantana,Plantae,50333
182798530,2023-09-01,georgemuttathil,research,https://www.inaturalist.org/observations/182798530,https://inaturalist-open-data.s3.amazonaws.com/photos/318791515/medium.jpeg,"6JJH+J3 Daksh Devaiah estate, Yevakapadi, Karnataka 571214, India",12.2314861111,75.6279388889,Karnataka,India,common lantana,Lantana camara,common lantana,Plantae,50333
183532995,2023-09-03,ansilbr,research,https://www.inaturalist.org/observations/183532995,https://inaturalist-open-data.s3.amazonaws.com/photos/320211209/medium.jpeg,"Muthurayana Hosahalli Kaval, Karnataka 571105, India",12.303025,76.2024611111,Karnataka,India,common lantana,Lantana camara,common lantana,Plantae,50333
183819137,2023-09-17,haneesh,research,https://www.inaturalist.org/observations/183819137,https://inaturalist-open-data.s3.amazonaws.com/photos/320752552/medium.jpeg,"Kengeri Satellite Town, Bengaluru, Karnataka, India",12.9150945315,77.4696979879,Karnataka,India,common lantana,Lantana camara,common lantana,Plantae,50333
183819177,2023-09-17,haneesh,research,https://www.inaturalist.org/observations/183819177,https://inaturalist-open-data.s3.amazonaws.com/photos/320752654/medium.jpeg,"Kengeri Satellite Town, Bengaluru, Karnataka, India",12.9150945315,77.4696979879,Karnataka,India,common lantana,Lantana camara,common lantana,Plantae,50333
184009031,2023-09-19,nishantharvind,research,https://www.inaturalist.org/observations/184009031,https://static.inaturalist.org/photos/321128394/medium.jpg,"Bangalore, Karnataka, India",12.8334569722,77.7782859722,Karnataka,India,common lantana,Lantana camara,common lantana,Plantae,50333
184822639,2023-09-24,deemopahan,research,https://www.inaturalist.org/observations/184822639,https://inaturalist-open-data.s3.amazonaws.com/photos/322669517/medium.jpeg,"323V+XGX, Kolar, Karnataka 563137, India",13.0549765,78.0438495,Karnataka,India,common lantana,Lantana camara,common lantana,Plantae,50333
184848174,2023-09-25,krishnamurthy_pr,research,https://www.inaturalist.org/observations/184848174,https://static.inaturalist.org/photos/322719962/medium.jpg,"Gundlupet, Chamarajanagar, KA, IN",11.7002402971,76.6311238484,Karnataka,India,Lantana camara aculeata,Lantana camara aculeata,,Plantae,136410
186665031,2023-10-08,mukesh_jsr,research,https://www.inaturalist.org/observations/186665031,https://static.inaturalist.org/photos/326264737/medium.jpeg,"Vinayak Nagar, Kattigenahalli, Bengaluru, Karnataka, India",13.1211219542,77.6133408397,Karnataka,India,common lantana,Lantana camara,common lantana,Plantae,50333
188119082,2023-10-19,halappa,research,https://www.inaturalist.org/observations/188119082,https://static.inaturalist.org/photos/329155525/medium.jpg,"Dr Ambedkar Road, Bengaluru, KA, IN",12.9788533333,77.5921333333,Karnataka,India,common lantana,Lantana camara,common lantana,Plantae,50333
189463057,2023-10-29,anjali_agarwal,research,https://www.inaturalist.org/observations/189463057,https://static.inaturalist.org/photos/331910878/medium.jpeg,"Tumkur, IN-KA, IN",12.9582111111,77.1219,Karnataka,India,common lantana,Lantana camara,common lantana,Plantae,50333
189573793,2023-10-09,ansilbr,research,https://www.inaturalist.org/observations/189573793,https://inaturalist-open-data.s3.amazonaws.com/photos/332132549/medium.jpeg,"86CW+88, KPS layout, Arsikere, Karnataka 573103, India",13.3207222222,76.2448333333,Karnataka,India,common lantana,Lantana camara,common lantana,Plantae,50333
189573888,2023-10-09,ansilbr,research,https://www.inaturalist.org/observations/189573888,https://inaturalist-open-data.s3.amazonaws.com/photos/332132787/medium.jpeg,"Bagilaghatta, Karnataka 573112, India",13.3917027778,76.1441333333,Karnataka,India,common lantana,Lantana camara,common lantana,Plantae,50333
195829718,2019-04-19,kumi_da,research,https://www.inaturalist.org/observations/195829718,https://static.inaturalist.org/photos/344617226/medium.jpeg,"Krishnapura, Surathkal, Mangaluru, Karnataka 575014, India",12.9778746391,74.7954351828,Karnataka,India,common lantana,Lantana camara,common lantana,Plantae,50333
196751365,2024-01-15,carolinezelda,research,https://www.inaturalist.org/observations/196751365,https://inaturalist-open-data.s3.amazonaws.com/photos/346678983/medium.jpg,"Totagere, Bengaluru, KA, IN",13.1365246279,77.4399529584,Karnataka,India,common lantana,Lantana camara,common lantana,Plantae,50333
197218776,2024-01-21,bhaveesh,research,https://www.inaturalist.org/observations/197218776,https://static.inaturalist.org/photos/347299977/medium.jpeg,"Nijagal, Karnataka 562111, India",13.2477081,77.2157353,Karnataka,India,common lantana,Lantana camara,common lantana,Plantae,50333
197219796,2024-01-21,bhaveesh,research,https://www.inaturalist.org/observations/197219796,https://static.inaturalist.org/photos/347301580/medium.jpeg,"Nijagal, Karnataka 562111, India",13.2469143,77.2212703,Karnataka,India,common lantana,Lantana camara,common lantana,Plantae,50333
202389019,2024-03-14,nawle,research,https://www.inaturalist.org/observations/202389019,https://inaturalist-open-data.s3.amazonaws.com/photos/357436477/medium.jpeg,"Bandapura, Virgonagar, Aavalahalli, Bengaluru, Karnataka 560049, India",13.0434028055,77.7449893579,Karnataka,India,common lantana,Lantana camara,common lantana,Plantae,50333
202401977,2024-02-25,ansilbr,research,https://www.inaturalist.org/observations/202401977,https://inaturalist-open-data.s3.amazonaws.com/photos/357459886/medium.jpeg,"WM5C+C4G, Kadumane Estate, Karnataka 573165, India",12.9097527778,75.6693555556,Karnataka,India,common lantana,Lantana camara,common lantana,Plantae,50333
209400406,2024-04-26,mbentoworld,research,https://www.inaturalist.org/observations/209400406,https://inaturalist-open-data.s3.amazonaws.com/photos/370572132/medium.jpeg,"Suthgatti Village, Karnataka 580009, India",15.4131027778,75.0046138889,Karnataka,India,common lantana,Lantana camara,common lantana,Plantae,50333
209420683,2024-04-26,mbentoworld,research,https://www.inaturalist.org/observations/209420683,https://inaturalist-open-data.s3.amazonaws.com/photos/370606348/medium.jpeg,"Suthgatti Village, Karnataka 580009, India",15.4131027778,75.0046138889,Karnataka,India,common lantana,Lantana camara,common lantana,Plantae,50333
209432499,2024-04-26,aishwaryashetty,research,https://www.inaturalist.org/observations/209432499,https://inaturalist-open-data.s3.amazonaws.com/photos/370624883/medium.jpg,"Hoysal Nagar, Dharwad, KA, IN",15.437976236,74.9711120775,Karnataka,India,common lantana,Lantana camara,common lantana,Plantae,50333
209533151,2024-04-26,poorna_sona2,research,https://www.inaturalist.org/observations/209533151,https://inaturalist-open-data.s3.amazonaws.com/photos/370779901/medium.jpeg,"Dakshina Kannada, IN-KA, IN",12.6236558,75.25433987,Karnataka,India,common lantana,Lantana camara,common lantana,Plantae,50333
209965214,2024-04-27,mbentoworld,research,https://www.inaturalist.org/observations/209965214,https://inaturalist-open-data.s3.amazonaws.com/photos/371469528/medium.jpeg,"Gandhinagar, Dharwad, Karnataka, India",15.4306472222,75.0285388889,Karnataka,India,common lantana,Lantana camara,common lantana,Plantae,50333
209985256,2024-04-27,mbentoworld,research,https://www.inaturalist.org/observations/209985256,https://inaturalist-open-data.s3.amazonaws.com/photos/371502613/medium.jpeg,"C2GM+8QR, Sattur Colony, Dharwad, Karnataka 580009, India",15.4265944444,75.0339138889,Karnataka,India,common lantana,Lantana camara,common lantana,Plantae,50333
209992820,2024-04-27,mbentoworld,research,https://www.inaturalist.org/observations/209992820,https://inaturalist-open-data.s3.amazonaws.com/photos/371515241/medium.jpeg,"27, Daneshwari Nagar, Ambedkar Nagar, Vidyagiri, Dharwad, Karnataka 580004, India",15.4310861111,75.0300111111,Karnataka,India,common lantana,Lantana camara,common lantana,Plantae,50333
210009686,2024-04-27,mbentoworld,research,https://www.inaturalist.org/observations/210009686,https://inaturalist-open-data.s3.amazonaws.com/photos/371541587/medium.jpeg,"MIG23, Daneshwari Nagar, Ambedkar Nagar, Vidyagiri, Dharwad, Karnataka 580004, India",15.4352111111,75.0253694444,Karnataka,India,common lantana,Lantana camara,common lantana,Plantae,50333
210676862,2024-04-28,manju72254,research,https://www.inaturalist.org/observations/210676862,https://static.inaturalist.org/photos/372611149/medium.jpeg,"FXRM+FQG UASD Garden, uas, Dharwad, Karnataka 580005, India",15.49159525,74.9840926944,Karnataka,India,common lantana,Lantana camara,common lantana,Plantae,50333
210681629,2024-04-27,mbentoworld,research,https://www.inaturalist.org/observations/210681629,https://inaturalist-open-data.s3.amazonaws.com/photos/372618298/medium.jpeg,"FX6C+V5P, Kelgeri, Dharwad, Karnataka 580007, India",15.4622361111,74.9706722222,Karnataka,India,common lantana,Lantana camara,common lantana,Plantae,50333
211651185,2024-04-28,swatiudayraj,research,https://www.inaturalist.org/observations/211651185,https://static.inaturalist.org/photos/374140471/medium.jpeg,"Whitefield, Bengaluru, Karnataka, India",12.9763875833,77.7471416944,Karnataka,India,common lantana,Lantana camara,common lantana,Plantae,50333
211759488,2024-04-28,mbentoworld,research,https://www.inaturalist.org/observations/211759488,https://inaturalist-open-data.s3.amazonaws.com/photos/374306845/medium.jpeg,"FXRM+FQG, uas, Dharwad, Karnataka 580005, India",15.4913666667,74.9843722222,Karnataka,India,common lantana,Lantana camara,common lantana,Plantae,50333
211759646,2024-04-28,mbentoworld,research,https://www.inaturalist.org/observations/211759646,https://inaturalist-open-data.s3.amazonaws.com/photos/374307153/medium.jpeg,"FXRM+FQG, uas, Dharwad, Karnataka 580005, India",15.4913666667,74.9843722222,Karnataka,India,common lantana,Lantana camara,common lantana,Plantae,50333
212259275,2024-04-28,mbentoworld,research,https://www.inaturalist.org/observations/212259275,https://inaturalist-open-data.s3.amazonaws.com/photos/375109897/medium.jpeg,"FXMH+6V6, Dharwad, Hiremalligawad, Karnataka 580008, India",15.4823888889,74.9791277778,Karnataka,India,common lantana,Lantana camara,common lantana,Plantae,50333
212312847,2024-04-28,mbentoworld,research,https://www.inaturalist.org/observations/212312847,https://inaturalist-open-data.s3.amazonaws.com/photos/375203332/medium.jpeg,"FXMH+6V6, Dharwad, Hiremalligawad, Karnataka 580008, India",15.4823888889,74.9791277778,Karnataka,India,common lantana,Lantana camara,common lantana,Plantae,50333
212316749,2024-04-28,mbentoworld,research,https://www.inaturalist.org/observations/212316749,https://inaturalist-open-data.s3.amazonaws.com/photos/375211102/medium.jpeg,"FXMH+6V6, Dharwad, Hiremalligawad, Karnataka 580008, India",15.4823888889,74.9791277778,Karnataka,India,common lantana,Lantana camara,common lantana,Plantae,50333
212317223,2024-04-28,mbentoworld,research,https://www.inaturalist.org/observations/212317223,https://inaturalist-open-data.s3.amazonaws.com/photos/375211724/medium.jpeg,"FXMH+6V6, Dharwad, Hiremalligawad, Karnataka 580008, India",15.4823888889,74.9791277778,Karnataka,India,common lantana,Lantana camara,common lantana,Plantae,50333
212317603,2024-04-28,mbentoworld,research,https://www.inaturalist.org/observations/212317603,https://inaturalist-open-data.s3.amazonaws.com/photos/375212592/medium.jpeg,"FXMH+6V6, Dharwad, Hiremalligawad, Karnataka 580008, India",15.4823888889,74.9791277778,Karnataka,India,common lantana,Lantana camara,common lantana,Plantae,50333
212873641,2024-04-29,mbentoworld,research,https://www.inaturalist.org/observations/212873641,https://inaturalist-open-data.s3.amazonaws.com/photos/376189163/medium.jpeg,"Dharwad, Karnataka 580004, India",15.4415527778,75.023,Karnataka,India,common lantana,Lantana camara,common lantana,Plantae,50333
213098635,2024-04-29,mbentoworld,research,https://www.inaturalist.org/observations/213098635,https://inaturalist-open-data.s3.amazonaws.com/photos/376594468/medium.jpeg,"Dharwad, Karnataka 580004, India",15.4416944444,75.0232194444,Karnataka,India,common lantana,Lantana camara,common lantana,Plantae,50333
213105171,2024-04-29,mbentoworld,research,https://www.inaturalist.org/observations/213105171,https://inaturalist-open-data.s3.amazonaws.com/photos/376605338/medium.jpeg,"Dharwad, Karnataka 580004, India",15.4416944444,75.0232194444,Karnataka,India,common lantana,Lantana camara,common lantana,Plantae,50333
213106259,2024-04-29,mbentoworld,research,https://www.inaturalist.org/observations/213106259,https://inaturalist-open-data.s3.amazonaws.com/photos/376607434/medium.jpeg,"Dharwad, Karnataka 580004, India",15.4416888889,75.0230055556,Karnataka,India,common lantana,Lantana camara,common lantana,Plantae,50333
213108714,2024-04-29,mbentoworld,research,https://www.inaturalist.org/observations/213108714,https://inaturalist-open-data.s3.amazonaws.com/photos/376611688/medium.jpeg,"C2RF+J2F, Yalakki Shettar Colony, Dharwad, Karnataka 580004, India",15.4415805556,75.0223861111,Karnataka,India,common lantana,Lantana camara,common lantana,Plantae,50333
213138745,2024-04-29,mbentoworld,research,https://www.inaturalist.org/observations/213138745,https://inaturalist-open-data.s3.amazonaws.com/photos/376666352/medium.jpeg,"Saptagiri Layout, Ambedkar Nagar, Yalakki Shettar Colony, Dharwad, Karnataka 580006, India",15.4433138889,75.0257583333,Karnataka,India,common lantana,Lantana camara,common lantana,Plantae,50333
213171760,2024-04-29,mbentoworld,research,https://www.inaturalist.org/observations/213171760,https://inaturalist-open-data.s3.amazonaws.com/photos/376724961/medium.jpeg,"C2R9+9RQ, Behind JSS Banashankari Arts & Commerce College, Vidyagiri, Dharwad, Karnataka 580004, India",15.4409861111,75.0200166667,Karnataka,India,common lantana,Lantana camara,common lantana,Plantae,50333
213301653,2024-04-29,mbentoworld,research,https://www.inaturalist.org/observations/213301653,https://inaturalist-open-data.s3.amazonaws.com/photos/376959515/medium.jpeg,"Rajatagiri, Gandhinagar, Dharwad, Karnataka, India",15.4402277778,75.0173361111,Karnataka,India,common lantana,Lantana camara,common lantana,Plantae,50333
213301741,2024-04-29,mbentoworld,research,https://www.inaturalist.org/observations/213301741,https://inaturalist-open-data.s3.amazonaws.com/photos/376959765/medium.jpeg,"Rajatagiri, Gandhinagar, Dharwad, Karnataka, India",15.4402277778,75.0173361111,Karnataka,India,common lantana,Lantana camara,common lantana,Plantae,50333
213302465,2024-04-29,mbentoworld,research,https://www.inaturalist.org/observations/213302465,https://inaturalist-open-data.s3.amazonaws.com/photos/376960977/medium.jpeg,"Rajatagiri, Gandhinagar, Dharwad, Karnataka, India",15.4402277778,75.0173361111,Karnataka,India,common lantana,Lantana camara,common lantana,Plantae,50333
213394909,2024-04-29,mbentoworld,research,https://www.inaturalist.org/observations/213394909,https://inaturalist-open-data.s3.amazonaws.com/photos/377129735/medium.jpeg,"C2VF+99C, Daneshwari Nagar, Vidyagiri, Dharwad, Karnataka 580004, India",15.4433416667,75.0232638889,Karnataka,India,common lantana,Lantana camara,common lantana,Plantae,50333
221373288,2024-06-04,angelinemano,research,https://www.inaturalist.org/observations/221373288,https://static.inaturalist.org/photos/392017872/medium.jpg,"Hanumanth Pond, E.I.D Parry (India) Campus, Alolli, Haliyal [Restricted Access]",15.3130371416,74.7618770599,Karnataka,India,common lantana,Lantana camara,common lantana,Plantae,50333
222380141,2024-06-12,wsggang,research,https://www.inaturalist.org/observations/222380141,https://inaturalist-open-data.s3.amazonaws.com/photos/393919548/medium.jpg,"Karnataka, IN",13.1382808281,77.6371571301,Karnataka,India,common lantana,Lantana camara,common lantana,Plantae,50333
223964768,2024-06-20,suhelq,research,https://www.inaturalist.org/observations/223964768,https://inaturalist-open-data.s3.amazonaws.com/photos/396888912/medium.jpeg,"8FRF+F3R, Nimbapura, Karnataka 583239, India",15.3405974676,76.472531458,Karnataka,India,common lantana,Lantana camara,common lantana,Plantae,50333
224570960,2024-06-22,csbandi,research,https://www.inaturalist.org/observations/224570960,https://inaturalist-open-data.s3.amazonaws.com/photos/398044404/medium.jpeg,"CMGP+F2P Skandagiri Trek start point, Jadalathimmanahalli, Karnataka 562103, India",13.4260854722,77.6851730278,Karnataka,India,common lantana,Lantana camara,common lantana,Plantae,50333
225917176,2024-06-29,flowergirl_madras,research,https://www.inaturalist.org/observations/225917176,https://inaturalist-open-data.s3.amazonaws.com/photos/400599340/medium.jpg,"Brookefield, Bengaluru, KA, IN",12.9636298813,77.7295657616,Karnataka,India,common lantana,Lantana camara,common lantana,Plantae,50333
231193246,2024-07-23,dainavincent,research,https://www.inaturalist.org/observations/231193246,https://static.inaturalist.org/photos/410588612/medium.jpeg,"Davanagere, Davanagere, KA, IN",14.302795,75.8781283333,Karnataka,India,common lantana,Lantana camara,common lantana,Plantae,50333
236235976,2024-08-17,jowhar,research,https://www.inaturalist.org/observations/236235976,https://static.inaturalist.org/photos/420256930/medium.jpeg,"LYRIC, SALARPURIA CADENZA, Kudlu Gate, Krishna Reddy Industrial Area, Hosapalaya, Muneshwara Nagar, Bengaluru, Karnataka 560068, India",12.8902441899,77.6428028941,Karnataka,India,common lantana,Lantana camara,common lantana,Plantae,50333
236385334,2024-08-17,adisatish10,research,https://www.inaturalist.org/observations/236385334,https://inaturalist-open-data.s3.amazonaws.com/photos/420535491/medium.jpeg,"9MHF+GW8, Nandi Hills, Karnataka 562103, India",13.3788666667,77.6747527778,Karnataka,India,common lantana,Lantana camara,common lantana,Plantae,50333
236719203,2024-08-04,suma_mirji,research,https://www.inaturalist.org/observations/236719203,https://static.inaturalist.org/photos/421177044/medium.jpeg,Turahalli Tree Park (Turahalli Kiru Aranya),12.8742056269,77.5272426009,Karnataka,India,common lantana,Lantana camara,common lantana,Plantae,50333
239194401,2024-08-31,haneesh,research,https://www.inaturalist.org/observations/239194401,https://inaturalist-open-data.s3.amazonaws.com/photos/425963028/medium.jpeg,"Kengeri Satellite Town, Bengaluru, Karnataka, India",12.9150945315,77.4696979879,Karnataka,India,common lantana,Lantana camara,common lantana,Plantae,50333
241210467,2024-06-12,allwindas,research,https://www.inaturalist.org/observations/241210467,https://static.inaturalist.org/photos/429858274/medium.jpeg,"Mysuru, Mysuru, KA, IN",12.1871885371,76.643880892,Karnataka,India,common lantana,Lantana camara,common lantana,Plantae,50333
242343812,2024-09-17,maarten40,research,https://www.inaturalist.org/observations/242343812,https://static.inaturalist.org/photos/432038906/medium.jpeg,"Attur Layout, Yelahanka New Town, Bengaluru, Karnataka 560064, India",13.1085901111,77.5628356667,Karnataka,India,Wisselbloem,Lantana camara,common lantana,Plantae,50333
245782507,2024-10-04,gilchrist1,research,https://www.inaturalist.org/observations/245782507,https://static.inaturalist.org/photos/438650255/medium.jpeg,"V53M+HV6, Thekkar, Karnataka 574241, India",12.8528528056,75.1831741111,Karnataka,India,common lantana,Lantana camara,common lantana,Plantae,50333
247054932,2024-10-12,amy_martin5,research,https://www.inaturalist.org/observations/247054932,https://static.inaturalist.org/photos/441166881/medium.jpeg,"2M59+WX7, Maragadi, Karnataka 573165, India",13.0112083333,75.671125,Karnataka,India,common lantana,Lantana camara,common lantana,Plantae,50333
248003421,2024-10-19,i-sp,research,https://www.inaturalist.org/observations/248003421,https://inaturalist-open-data.s3.amazonaws.com/photos/443045001/medium.jpeg,"Mandya, Mandya, KA, IN",12.5281738909,76.8746581302,Karnataka,India,common lantana,Lantana camara,common lantana,Plantae,50333
248545788,2024-06-22,krishna_b,research,https://www.inaturalist.org/observations/248545788,https://static.inaturalist.org/photos/444120742/medium.jpeg,"Khudapura, Karnataka 577536, India",14.4270474,76.578438,Karnataka,India,common lantana,Lantana camara,common lantana,Plantae,50333
250478686,2024-11-02,anagha8,research,https://www.inaturalist.org/observations/250478686,https://static.inaturalist.org/photos/447980888/medium.jpeg,"3J78+2F6, Royal Enclave, Phase II, Rachenahalli, Thanisandra, Bengaluru, Karnataka 560064, India",13.0621226541,77.6142316684,Karnataka,India,common lantana,Lantana camara,common lantana,Plantae,50333
251759824,2024-11-13,ram_k,research,https://www.inaturalist.org/observations/251759824,https://inaturalist-open-data.s3.amazonaws.com/photos/450538774/medium.jpeg,"RQWG+8W, Buragunte, Karnataka 562125, India",12.8460916667,77.7769777778,Karnataka,India,common lantana,Lantana camara,common lantana,Plantae,50333
255200250,2024-12-14,anagha8,research,https://www.inaturalist.org/observations/255200250,https://static.inaturalist.org/photos/457290791/medium.jpeg,"IBM Gate, Rachenahalli, Thanisandra, Bengaluru, Karnataka 560045, India",13.0575208024,77.6262027025,Karnataka,India,common lantana,Lantana camara,common lantana,Plantae,50333
292033678,2024-12-23,charl87,research,https://www.inaturalist.org/observations/292033678,https://inaturalist-open-data.s3.amazonaws.com/photos/525490502/medium.jpg,"8J63+F4F Garudachar Layout, near Anthropological Survey of India, Vijyanagar, SRC, Mysuru, Karnataka 570026, India",12.309367463,76.6026388854,Karnataka,India,common lantana,Lantana camara,common lantana,Plantae,50333
295775336,2024-09-22,pjeganathan,research,https://www.inaturalist.org/observations/295775336,https://inaturalist-open-data.s3.amazonaws.com/photos/532493236/medium.jpg,"Saraswathipuram, Mysuru, Karnataka, India",12.3139223997,76.6292908,Karnataka,India,common lantana,Lantana camara,common lantana,Plantae,50333
308702600,2024-04-09,honza15,research,https://www.inaturalist.org/observations/308702600,https://static.inaturalist.org/photos/556969387/medium.jpg,"Housing Board, Karnataka 573211, India",12.781425,76.24575,Karnataka,India,common lantana,Lantana camara,common lantana,Plantae,50333
308709531,2024-04-09,honza15,research,https://www.inaturalist.org/observations/308709531,https://static.inaturalist.org/photos/556983930/medium.jpg,"Kadavinakote Hantha, Karnataka 573211, India",12.787725,76.24566667,Karnataka,India,common lantana,Lantana camara,common lantana,Plantae,50333
309967195,2024-04-07,honza15,research,https://www.inaturalist.org/observations/309967195,https://static.inaturalist.org/photos/559373957/medium.jpg,"PES Kyathengere Layout, Mandya, Karnataka 571401, India",12.51150833,76.88074444,Karnataka,India,common lantana,Lantana camara,common lantana,Plantae,50333
309984935,2024-04-16,honza15,research,https://www.inaturalist.org/observations/309984935,https://static.inaturalist.org/photos/559409579/medium.jpg,"Sadashivanagar, Tumakuru, Karnataka, India",13.32526389,77.08039167,Karnataka,India,common lantana,Lantana camara,common lantana,Plantae,50333
